번호,웹하드번호,도서명,작가,출판사,ISBN
1,11,과학왕의 초간단 실험 노트1,한국과학놀이발명연구회,가나출판사,9788957364611
2,,과학왕의 초간단 실험 노트2,"박미애,박재원",가나출판사,9788957364680
3,,만화로 보는 국어왕의 단어 암기법,이희정,가나출판사,9788957364871
4,,만화로 보는 국어왕의 속담 암기법,이희정,가나출판사,9788957365083
5,,실록 밖으로 나온 세종의 비밀 일기,송영심,가나출판사,9788957364215
6,,안중근의 비밀일기 : 꺼지지 않는 등불,송영심,가나출판사,9788957365045
7,,우리 역사를 움직인 맞수들1 - 삼국 시대와 고려 시대,설혜진,가나출판사,9788957364185
8,,우리 역사를 움직인 맞수들2 - 조선 시대와 대한민국 건국,설혜진,가나출판사,9788957364192
9,,재미있는 사춘기와 성 이야기 : 신문이 보이고 뉴스가 들리는,"이명화,양윤경",가나출판사,9788957366752
10,,재미있는 스포츠 스타 이야기 : 신문이 보이고 뉴스가 들리는,기영노,가나출판사,9788957366448
11,,조선 시대 궁궐에 가다,황문숙,가나출판사,9788957364734
12,,조선 시대 장터에 가다,황문숙,가나출판사,9788957364567
13,,조선 시대 혼인식에 가다,황문숙,가나출판사,9788957364635
14,,"강치가 들려주는 우리 땅, 독도 이야기",신현배,가문비,9788991980884
15,,경제를 배우는 14가지 돈의 비밀,신현배,가문비,9788969020215
16,,나 홀로 지하철 여행,송재찬,가문비,9788969020956
17,,"나라 꽃, 무궁화를 찾아서",김숙분,가문비,9788991980877
18,,나무도 날개를 달 수 있다,심후섭,가문비,9788991980976
19,,누구도 못 말리는 말숙이,정혜원,가문비,9788969020048
20,,멋진 왕자님을 위한 러브 짱,김희숙,가문비,9788991980945
21,,민둥산이 와글와글,배익천,가문비,9788991980891
22,,북한산 다람쥐의 대단한 모험 이야기,원유순,가문비,9788991980273
23,,빼빼로데이,조소정,가문비,9788969021113
24,,삐삐 백의 가족사진,정혜원,가문비,9788969021137
25,,사라진 숲 속 친구들,이동렬,가문비,9788995661147
26,,"새엄마, 잉어 공주",정수민,가문비,9788969020161
27,,솟아나라 호기심 펑펑,김종철,가문비,9788991980365
28,,숫자 요정들과 함께 하는 수학 왕 따라잡기,최재희,가문비,9788969021205
29,,숲으로 간 고양이,김숙분,가문비,9788995661116
30,,아바타 나영일,박상재,가문비,9788991980990
31,,앞치마를 입은 아빠,최미애,가문비,9788969021120
32,,애플드래곤,"이재복, 김바다",가문비,9788969020987
33,,우당탕탕 용궁엄마 구출작전,정혜원,가문비,9788991980907
34,,천방지축 오찰방,박상재,가문비,9788991980921
35,,청계천 다리 이야기 1 : 조선의 역사가 보이는,김숙분,가문비,9788991980259
36,,청계천 다리 이야기 2 : 조선의 역사가 보이는,김숙분,가문비,9788991980266
37,,태극기 이야기 : 광복군 할아버지가 들려주는,신현배,가문비,9788969020031
38,,학교는 우리가 접수한다,김희숙,가문비,9788991980426
39,,혜미의 다이어트 일기,최일순,가문비,9788969021168
40,,귀양 선비와 책 읽는 호랑이 : 아내의 낡은 치마폭에 편지를 쓴 정약용 이야기,최은영,개암나무,9788968300301
41,,톡톡 이슬람,이희수,검둥소,9788980403530
42,,한홍구와 함께 걷다,한홍구,검둥소,9788980403448
43,,윤선비와 함께 한 발 한 발 돌아보는 한양도성,나각순,그린북,9788955882476
44,,조선통신사 여행길 : 제술관 따라 하루하루 펼쳐 보는,"이기범, 김동환",그린북,9788955882483
45,,한 권으로 보는 조선의 다섯 궁궐 이야기 ,황은주,그린북,9788955882377
46,,한국의 유네스코 세계유산,김원미,그린북,9788955882193
47,12,까불이 1학년 1 : 까마득한 불안감 이젠 뚝!,양영지 외,노란돼지,9788994975238
48,,까불이 1학년 2 : 까마득한 불안감 이젠 뚝!,장은희 외,노란돼지,9788994975245
49,,깨끗한 손,박정희,노란돼지,9788994975337
50,,나는 한국의 야생마,이재민,노란돼지,9788994975146
51,,나도 이제 친구가 생겼어요,이재민,노란돼지,9788996359791
52,,"내 사과, 누가 먹었지?",이재민,노란돼지,9788996359753
53,,"내 사과파이, 누가 먹었지?",이재민,노란돼지,9788994975184
54,,늑대야~ 울지 말고 노래해!,최영란,노란돼지,9788994975160
55,,도깨비 살려!,무돌,노란돼지,9788994975122
56,,무시무시한 공룡 이빨 나게 해 줄까?,김주이,노란돼지,9788996359715
57,,문주란 꽃이 필 때,김재황,노란돼지,9788994975399
58,,박상구의 좋은 점 찾기,신채연,노란돼지,9788994975726
59,,밤에도 놀면 안 돼?,이주혜,노란돼지,9788996359777
60,,변신! 고양이 도도,이재민,노란돼지,9788996359722
61,,비밀스러운 한복나라,무돌,노란돼지,9788996359784
62,,"뿌지직, 우주 똥꼬 전쟁",안영은,노란돼지,9788994975405
63,,사랑,이재민,노란돼지,9788994975283
64,,사탕괴물,미우,노란돼지,9788994975078
65,,색깔나라 : 색깔배우기,임선경,노란돼지,9788994975092
66,,성균관 공부벌레들 : 공부비법을 찾아라 1,"권도일, 남수진",노란돼지,9788994975436
67,,세상에서 고구마를 가장 맛있게 먹는 방법,양영지,노란돼지,9788994975054
68,,"숨바꼭질나라 : 공간개념, 어휘력키위기",임선경,노란돼지,9788994975733
69,,쉿! 엄마에겐 비밀이야,은효경,노란돼지,9788994975412
70,,얄미운 내 동생,이주혜,노란돼지,9788996359708
71,,엄마 vs 나,이욱재,노란돼지,9788994975917
72,,왜 나만 시켜!,이주혜,노란돼지,9788994975207
73,,울보 엄마,이동태,노란돼지,9788994975276
74,,"이럴 땐 ""고마워요!"" 하는 거야","황윤선, 황정임",노란돼지,9788994975115
75,,"이럴 땐 ""미안해요!"" 하는 거야","황윤선, 황정임",노란돼지,9788994975924
76,,"이럴 땐 ""위험해요!"" 하는 거야","황윤선, 황정임",노란돼지,9788994975931
77,,이잘닦아 공주와 이안닦아 왕자,이주혜,노란돼지,9788994975313
78,,"줄넘기나라 : 숫자세기, 인성키우기",임선경,노란돼지,9788994975290
79,,코끼리 대탈출,홍찬주,노란돼지,9788996359760
80,,"큰일 났어요, 산신령 할아버지!",무돌,노란돼지,9788994975108
81,,"하회탈, 다시 살아나다",무돌,노란돼지,9788994975221
82,,한가위만 같아라,무돌,노란돼지,9788994975993
83,,할머니의 앵무새,심소정,노란돼지,9788994975986
84,,희망,이재민,노란돼지,9788996359746
85,,그러니까 미술이 필요해,신선화,노란상상,9788997367245
86,,그러니까 수학이 필요해,로뱅 자메,노란상상,9788996433095
87,,그러니까 역사가 필요해,앙투안 사바,노란상상,9788997367009
88,,이제 우리가 지구를 구해요 : 나무 심기 파티,펠릭스와 친구들,노란상상,9788997367078
89,,재강이의 좌충우돌 한국사 달통기 1 : 선사 시대부터 고려 시대,"이광희, 이재강",노란상상,9788997367030
90,,재강이의 좌충우돌 한국사 달통기 2 : 조선 시대부터 현대,"이광희, 이재강",노란상상,9788997367047
91,,가시복은 무섭지 않아,노루궁뎅이 창작교실,노루궁뎅이,9788996751397
92,,강아지 집은 어디일까?,노루궁뎅이 창작교실,노루궁뎅이,9788996751304
93,,견훤은 왜 후백제를 세웠을까?,노루궁뎅이 창작교실,노루궁뎅이,9788967653606
94,,고구려는 어떻게 강한 나라가 됐을까?,노루궁뎅이 창작교실,노루궁뎅이,9788967653477
95,,고구려는 왜 멸망하고 말았을까?,노루궁뎅이 창작교실,노루궁뎅이,9788967653491
96,,고구려는 왜 점점 힘이 약해졌을까?,노루궁뎅이 창작교실,노루궁뎅이,9788967653484
97,,골목대장이 된 자전거,노루궁뎅이 창작교실,노루궁뎅이,9788967652227
98,,공룡 타고 노는 아이들,노루궁뎅이 창작교실,노루궁뎅이,9788996751366
99,,공짜로 떠난 바다 여행,"성춘복, 황금찬, 박현령",노루궁뎅이,9788967653323
100,,공포에 떠는 지렁이,김능원 외,노루궁뎅이,9788967653408
101,,과수원 집 아이,유금호,노루궁뎅이,9788967653347
102,,괜찮아! 안전하게 놀면 돼 : 생활 안전-신체 활동 안전,노루궁뎅이 창작교실,노루궁뎅이,9788967652982
103,,교실에서 탈출한 아이들,이영애,노루궁뎅이,9788967650162
104,,구구단도 못 외우는 웅이 오빠,이영애,노루궁뎅이,9788967650148
105,,구파발 할아버지,정소성,노루궁뎅이,9788967653293
106,,귀신나무의 비밀,이영애,노루궁뎅이,9788997356980
107,,김수로가 세운 가야는 어떤 나라일까?,노루궁뎅이 창작교실,노루궁뎅이,9788967653460
108,,김치 전쟁,안광,노루궁뎅이,9788967653309
109,,까만 얼굴 까만 똥,"이성교, 이상보, 임성숙",노루궁뎅이,9788967653316
110,,꼬마 소나무 대장 되던 날,강두원,노루궁뎅이,9788967652135
111,,난로 위의 깜밥,"구인환, 박진환, 김송희",노루궁뎅이,9788967653279
112,,내 똥을 기억해 줘,이영애,노루궁뎅이,9788967650124
113,,내 친구 바보 소나무,이종은,노루궁뎅이,9788967650070
114,,내가 얼마큼 소중할까?,노루궁뎅이 창작교실,노루궁뎅이,9788967652203
115,,네가 방귀 뀌었지?,유꽃님 외,노루궁뎅이,9788967653385
116,,놀란 고양이 팔아요,노루궁뎅이 창작교실,노루궁뎅이,9788967653163
117,,눈 오는 날,이규정,노루궁뎅이,9788967653286
118,,다행이야! 우리 집을 찾았어 : 생활 안전-유괴 및 미아 사고 방지,노루궁뎅이 창작교실,노루궁뎅이,9788967652999
119,,단군이 세운 고조선은 어떤 나라일까?,노루궁뎅이 창작교실,노루궁뎅이,9788967653613
120,,대조영이 세운 발해는 어떤 나라일까?,노루궁뎅이 창작교실,노루궁뎅이,9788967653507
121,,도와 줘! 어린 왕자의 서울 여행 : 약물·사이버 중독,노루궁뎅이 창작교실,노루궁뎅이,9788967653026
122,,두부 도둑,윤후명,노루궁뎅이,9788967653330
123,,똥 싸고 왜 화를 낼까,이영애,노루궁뎅이,9788967650087
124,,마술을 부리는 컴퓨터,이영애,노루궁뎅이,9788967650117
125,,만세! 학교는 즐거운 놀이터 : 생활 안전-학교 안전,노루궁뎅이 창작교실,노루궁뎅이,9788967652951
126,,멈춰! 교통 안전을 지켜 : 교통 안전,노루궁뎅이 창작교실,노루궁뎅이,9788967653002
127,,멈춰! 하지 마! 싫어! 포돌이 대작전 : 폭력 및 신변 안전,노루궁뎅이 창작교실,노루궁뎅이,9788967653019
128,,멋지다! 얀별 가족,이종은,노루궁뎅이,9788967652012
129,,무지개 만나러 가자,노루궁뎅이 창작교실,노루궁뎅이,9788996751342
130,,물 요정아 어디 가니?,노루궁뎅이 창작교실,노루궁뎅이,9788967653194
131,,물푸레나무 숲에서,최학,노루궁뎅이,9788967653422
132,,미나 친구는 누구일까,노루궁뎅이 창작교실,노루궁뎅이,9788967652043
133,,바닷가 시인,한승원,노루궁뎅이,9788967653248
134,,바리공주,이종은,노루궁뎅이,9788967650049
135,,박혁거세가 세운 신라는 어떻게 시작했을까?,노루궁뎅이 창작교실,노루궁뎅이,9788967653453
136,,배가 한 척도 들어오지 않던 날,이영애,노루궁뎅이,9788967650179
137,,배추밭을 공격한 벌레들,노루궁뎅이 창작교실,노루궁뎅이,9788967652739
138,,백제는 왜 멸망하고 말았을까?,노루궁뎅이 창작교실,노루궁뎅이,9788967653606
139,,백제는 왜 점점 힘이 약해졌을까?,노루궁뎅이 창작교실,노루궁뎅이,9788967653514
140,,보물을 잃어버렸다고,이영애,노루궁뎅이,9788967650155
141,,분홍 병아리면 어때?,노루궁뎅이 창작교실,노루궁뎅이,9788967652258
142,,분홍이 친구 사랑이,이종은,노루궁뎅이,9788967652050
143,,붕어빵 가족,김종윤,노루궁뎅이,9788967653378
144,,비 오는 날이 왜 좋을까?,노루궁뎅이 창작교실,노루궁뎅이,9788996751335
145,,비켜! 구급차가 달리잖아 : 응급 처치,노루궁뎅이 창작교실,노루궁뎅이,9788967653040
146,,빵 나무의 비밀,노루궁뎅이 창작교실,노루궁뎅이,9788967652166
147,,산타 할아버지가 받은 멋진 선물,노루궁뎅이 창작교실,노루궁뎅이,9788996751328
148,,새 가족이 생겼어요,노루궁뎅이 창작교실,노루궁뎅이,9788967653156
149,,생일 선물로 받은 동생,노루궁뎅이 창작교실,노루궁뎅이,9788967652128
150,,석류나무 집 아이,"황금찬, 정공채, 최원규",노루궁뎅이,9788967653255
151,,소년은 어디로 갔을까?,김윤희,노루궁뎅이,9788967653392
152,,수염 난 엄마 미꾸라지,이영애,노루궁뎅이,9788997356997
153,,숲 속의 동자승,문순태,노루궁뎅이,9788967653262
154,,신나는 요리 대회,노루궁뎅이 창작교실,노루궁뎅이,9788996751373
155,,신라는 어떤 방법으로 영토를 넓혔을까?,노루궁뎅이 창작교실,노루궁뎅이,9788967653545
156,,신라는 어떻게 살아남았을까?,노루궁뎅이 창작교실,노루궁뎅이,9788967653552
157,,신라는 어떻게 삼국 통일을 성공했을까?,노루궁뎅이 창작교실,노루궁뎅이,9788967653569
158,,신라는 어떻게 힘을 길렀을까?,노루궁뎅이 창작교실,노루궁뎅이,9788967653538
159,,신통방통한 계단,노루궁뎅이 창작교실,노루궁뎅이,9788967652234
160,,쌍둥이가 키우는 마술 감나무,노루궁뎅이 창작교실,노루궁뎅이,9788967652104
161,,아홉 번 만난 미운 오리,노루궁뎅이 창작교실,노루궁뎅이,9788967652241
162,,안심해! 공산품 왕국 식품 왕국 : 생활 안전-제품 안전,노루궁뎅이 창작교실,노루궁뎅이,9788967652975
163,,앞을 못 보는 우리 누나,노루궁뎅이 창작교실,노루궁뎅이,9788967652210
164,,야똥이 버릇 고치기,노루궁뎅이 창작교실,노루궁뎅이,9788967652098
165,,어머니의 물감상자,"강우식, 김지향, 박진환",노루궁뎅이,9788967653354
166,,엄마를 부탁해,노루궁뎅이 창작교실,노루궁뎅이,9788967652722
167,,오빠 때문에 걸린 감기,이영애,노루궁뎅이,9788967650100
168,,오빠가 준비한 파티,노루궁뎅이 창작교실,노루궁뎅이,9788967653187
169,,온조가 세운 백제는 어떻게 시작했을까?,노루궁뎅이 창작교실,노루궁뎅이,9788967653446
170,,왕따 가시내,"김후란, 문효치, 이성교",노루궁뎅이,9788967653224
171,,우리 역사 발해,노루궁뎅이 창작교실,노루궁뎅이,9788967653415
172,,우리 집 식구들,현길언,노루궁뎅이,9788967653231
173,,입술공주 검지공주,노루궁뎅이 창작교실,노루궁뎅이,9788996751311
174,,점박이가 대장 되던 날,이영애,노루궁뎅이,9788967650094
175,,조선왕조실록(상),한국문학원,노루궁뎅이,9788967651374
176,,조선왕조실록(중),한국문학원,노루궁뎅이,9788967651381
177,,조선왕조실록(하),한국문학원,노루궁뎅이,9788967651398
178,,조심해! 우리 집이 조마조마 : 생활 안전-가정 안전,노루궁뎅이 창작교실,노루궁뎅이,9788967652968
179,,주몽,이종은,노루궁뎅이,9788967650056
180,,주몽이 세운 고구려는 어떻게 시작했을까?,노루궁뎅이 창작교실,노루궁뎅이,9788967653439
181,,진짜 진짜 착한 어린이상 : 나는 내가 자랑스러워!,이종은,노루궁뎅이,9788967653200
182,,친구와 꽃은 왜 똑같을까?,노루궁뎅이 창작교실,노루궁뎅이,9788967653213
183,,큰일났다! 무서운 괴물이 공격했어 : 재난 안전,노루궁뎅이 창작교실,노루궁뎅이,9788967653033
184,,토모의 멋진 탐험,노루궁뎅이 창작교실,노루궁뎅이,9788967652111
185,,통영 소년,김춘수,노루궁뎅이,9788967653361
186,,통일 신라는 어떻게 하나가 됐을까?,노루궁뎅이 창작교실,노루궁뎅이,9788967653576
187,,통일 신라는 왜 멸망하고 말았을까?,노루궁뎅이 창작교실,노루궁뎅이,9788967653590
188,,통일 신라는 왜 점점 힘이 약해졌을까?,노루궁뎅이 창작교실,노루궁뎅이,9788967653583
189,,통통할머니의 하루,노루궁뎅이 창작교실,노루궁뎅이,9788967652746
190,,팽순이는 꼴찌가 아니야,이영애,노루궁뎅이,9788967650131
191,,할머니의 특별한 여행,이종은,노루궁뎅이,9788967652142
192,,형의 첫 부탁,노루궁뎅이 창작교실,노루궁뎅이,9788996751359
193,,호란일기 : 남한산성이 알려 주는 병자호란 이야기,"나만갑 기록, 김종윤 편저",노루궁뎅이,9788967653620
194,,황소를 이긴 날,노루궁뎅이 창작교실,노루궁뎅이,9788967652036
195,,서울교대 스토리텔링 수학친구 1학년,서울대교대 초등수학연구회,녹색지팡이,9788994780443
196,,서울교대 스토리텔링 수학친구 2학년,서울대교대 초등수학연구회,녹색지팡이,9788994780450
197,,서울교대 스토리텔링 수학친구 3학년,서울대교대 초등수학연구회,녹색지팡이,9788994780467
198,,서울교대 스토리텔링 수학친구 4학년,서울대교대 초등수학연구회,녹색지팡이,9788994780474
199,,서울교대 스토리텔링 수학친구 5학년,서울대교대 초등수학연구회,녹색지팡이,9788994780702
200,,서울교대 스토리텔링 수학친구 6학년,서울대교대 초등수학연구회,녹색지팡이,9788994780719
201,,세상을 뒤흔든 31인의 바보들,"장 베르나르 푸이, 안 블랑샤르",녹색지팡이,9788991481459
202,,이현세 만화 한국사 바로보기 1 : 선사 시대와 고조선,김미영,녹색지팡이,9788991481015
203,,이현세 만화 한국사 바로보기 10 : 일제 강점기와 광복,"유경원, 권민정  ",녹색지팡이,9788991481107
204,,이현세 만화 한국사 바로보기 11 : 현대 상 1945~1978,"유경원, 권민정  ",녹색지팡이,9788994780375
205,,이현세 만화 한국사 바로보기 12 : 현대 하 1979~2002,"유경원, 권민정  ",녹색지팡이,9788994780382
206,,이현세 만화 한국사 바로보기 2 : 삼국시대 상,김미영,녹색지팡이,9788991481022
207,,이현세 만화 한국사 바로보기 3 : 삼국시대 하,김미영,녹색지팡이,9788991481039
208,,이현세 만화 한국사 바로보기 4 : 남북국 시대,김미영,녹색지팡이,9788991481046
209,,이현세 만화 한국사 바로보기 5 : 고려 시대 상,김미영,녹색지팡이,9788991481053
210,,이현세 만화 한국사 바로보기 6 : 고려 시대 하,김미영,녹색지팡이,9788991481060
211,,이현세 만화 한국사 바로보기 7 : 조선 시대 상,"유경원, 권민정  ",녹색지팡이,9788991481077
212,,이현세 만화 한국사 바로보기 8 : 조선 시대 중,"유경원, 권민정  ",녹색지팡이,9788991481084
213,,이현세 만화 한국사 바로보기 9 : 조선 시대 하,"유경원, 권민정  ",녹색지팡이,9788991481091
214,,일기왕 김동우 : 동화 작가에게 배우는 자신만만 일기 쓰기,이미애,녹색지팡이,9788994780269
215,13,요점정리 명작 요약력 일취월장,정윤경,다봄,9791185018041
216,,의기양양 고사성어 어휘력 일취월장,세사람,다봄,9788996677970
217,,티끌 모아 속담 문장력 일취월장,정윤경,다봄,9788996677987
218,,민주 시민을 키우는 어린이 정치,김은경,리젬,9788992826242
219,,생물의 방어에 숨은 비밀,"최재천, 서수연",리젬,9791185298030
220,,소녀 이야기 : 일본군 위안부 피해자,김준기,리젬,9788992826938
221,,자연의 색이 품은 비밀,"최재천, 서수연",리젬,9788992826907
222,,게임왕,선자은,문학과지성사,9788932023816
223,,기억을 가져온 아이,김려령,문학과지성사,9788932017792
224,,"나의, 블루보리 왕자",오채,문학과지성사,9788932020778
225,,날마다 뽀끄땡스,오채,문학과지성사,9788932018638
226,,내일을 향해 깡통을 차라!,신지영,문학과지성사,9788932023427
227,,동진이는 나보다 용감했다,김경희,문학과지성사,9788932023885
228,,맨홀장군 한새 1,김우경,문학과지성사,9788932022727
229,,맨홀장군 한새 2,김우경,문학과지성사,9788932022734
230,,바위나리와 아기별,마해송,문학과지성사,9788932024134
231,,아빠가 나타났다!,이송현,문학과지성사,9788932019581
232,,안녕 라자드,배봉기,문학과지성사,9788932022192
233,,왕따,이윤학,문학과지성사,9788932017396
234,,요란요란 푸른 아파트,김려령,문학과지성사,9788932019024
235,,웅녀의 시간 여행,배미주,문학과지성사,9788932018447
236,,이모의 꿈꾸는 집,정옥,문학과지성사,9788932020570
237,,찐찐군과 두빵두,김양미,문학과지성사,9788932016993
238,,플로라의 비밀,오진원,문학과지성사,9788932017488
239,,하얀 우산,김덕윤,문학과지성사,9788932020617
240,,행복빌라 미녀 사총사,유영소,문학과지성사,9788932018683
241,,화성에서 온 미루,이성숙,문학과지성사,9788932017426
242,,황금 깃털,정설아,문학과지성사,9788932022994
243,14,가족입니까,김해원 외,바람의아이들,9788994475097
244,,거지 소녀,한박순우,바람의아이들,9788994475127
245,,구멍 난 기억,자비에 로랑 쁘띠,바람의아이들,9788990878724
246,,그 녀석 덕분에,이경혜,바람의아이들,9788994475158
247,,나는 내가 누구인지 말할 수 있었다,미카엘 올리비에,바람의아이들,9788990878762
248,,나는 사고 싶지 않을 권리가 있다,미카엘 올리비에,바람의아이들,9788994475219
249,,눈으로 볼 수 없는 지도,정승희,바람의아이들,9788994475240
250,,"뚱보, 내 인생",미카엘 올리비에,바람의아이들,9788990878076
251,,못 믿겠다고?,루이스 새커,바람의아이들,9788990878229
252,,"바람이 불어, 내가 원치 않아도",이상운,바람의아이들,9788990878793
253,,새미와 푸리,이경화,바람의아이들,9788994475165
254,,생각 중이다,오은영,바람의아이들,9788990878755
255,,세상에서 가장 아름다운 곳,앤 카메론,바람의아이들,9788990878342
256,,숨은 소리 찾기,하신하,바람의아이들,9788994475233
257,,심청이 무슨 효녀야? : 옛이야기 딴지걸기 1,이경혜,바람의아이들,9788990878540
258,,아무것도 묻지 마세요,마리나 부도스,바람의아이들,9788994475134
259,,아무도 모르는 색깔,김혜진,바람의아이들,9788990878601
260,,악마와의 계약,티에리 르냉,바람의아이들,9788990878205
261,,알래스카를 찾아서,존 그린,바람의아이들,9788990878618
262,,어느 날 내가 죽었습니다,이경혜,바람의아이들,9788990878052
263,,열네살의 인턴십,마리 오드 뮈라이유,바람의아이들,9788990878519
264,,옷이 나를 입은 어느 날,임태희,바람의아이들,9788990878359
265,,우리들의 작은 신,하은경,바람의아이들,9788990878939
266,,장건우한테 미안합니다,이경화,바람의아이들,9788990878403
267,,지팡이 경주,김혜진,바람의아이들,9788990878441
268,,집에 안 들어감,이여누,바람의아이들,9788990878557
269,,키크는 시계,발레리 제나티,바람의아이들,9788990878465
270,,"한눈팔기 대장, 지우",백승연,바람의아이들,9788990878472
271,,남자친구가 유행이래!,서석영,바우솔,9788983895189
272,,수요일의 눈물,최은영,바우솔,9788983894939
273,,엄마는 나한테만 코브라,서석영,바우솔,9788983895196
274,,대기만성 손만성,정해왕,베틀북,9788984886032
275,,도둑님 발자국 ,황선미,베틀북,9788984886186
276,,수학 시험을 막아라! : 돼지 삼총사의 논리 수학 대소동,로베어트 그리스벡,베틀북,9788984886179
277,,신나게 자유롭게 뻥!,황선미,베틀북,9788984887671
278,,울타리를 넘어서 ,황선미,베틀북,9788984885172
279,,지구 구출 대작전 : 지구 온난화를 생각하는 환경 동화,서지원,베틀북,9788984886414
280,,돈의 비밀 : 돈으로 읽는 세계 경제 이야기,키라 버몬드,봄나무,9788992026857
281,,밥상에 오른 과학,이성규,봄나무,9788992026116
282,,"빙하, 거대한 과학의 나라",홍성민,봄나무,9788992026017
283,,속담 속에 숨은 수학 : 단위와 측정,송은영,봄나무,9788992026918
284,,수학 천재는 바로 너!,안나 체라솔리,봄나무,9788992026628
285,,숫자 1의 모험,안나 체라솔리,봄나무,9788992026826
286,,숫자의 발명 : 원시인 소녀 부발의 멋진 아이디어,안나 체라솔리,봄나무,9788992026963
287,,알듯 말듯 날씨 책,박용기,봄나무,9788995625095
288,,어린 과학자를 위한 피 이야기,김영주,봄나무,9791156130017
289,,자신만만 과학책 : 물리,정창훈,봄나무,9788992026499
290,,자신만만 과학책 : 화학,김경은,봄나무,9788992026529
291,,파라오의 정사각형,안나 체라솔리,봄나무,9791156130031
292,,하리하라의 세포 여행 : 세포 속 신나는 과학 여행,이은희,봄나무,9788992026062
293,,놀면서 배우는 한국 축제,유경숙,봄볕,9791195530342
294,,"별 헤는 아이, 윤동주",우현옥,봄볕,9791195530304
295,,세계를 움직이는 국제기구 : 어린이의 꿈을 키워 주는 열일곱 가지 국제기구,박동석,봄볕,9788997824229
296,,우당탕탕 세상을 바꾼 과학,김용준,봄볕,9791195530311
297,,참새 잡으러 갈까?,정주일,봄볕,9791195530335
298,,피아골 아기 고래,박예분,봄볕,9788997824298
299,,행복한 늑대,엘 에마토크리티코,봄볕,9791186979051
300,,거인의 정원,"오스카 와일드, 권규헌",봄볕(꿈꾸는꼬리연),9788997824335
301,,"글로벌 에티켓 1 : 아시아, 아프리카",박동석,봄볕(꿈꾸는꼬리연),9788997824137
302,,"글로벌 에티켓 2 : 유럽, 아메리카, 오세아니아",박동석,봄볕(꿈꾸는꼬리연),9788997824144
303,,금을 버린 형제,김온유,봄볕(꿈꾸는꼬리연),9788997824090
304,,나무 그늘을 산 총각,권규헌,봄볕(꿈꾸는꼬리연),9788997824328
305,,난쟁이와 구둣방 할아버지,"그림 형제, 권규헌",봄볕(꿈꾸는꼬리연),9788997824106
306,,놀면서 배우는 세계 축제 1,유경숙,봄볕(꿈꾸는꼬리연),9788997824212
307,,놀면서 배우는 세계 축제 2,유경숙,봄볕(꿈꾸는꼬리연),9788997824205
308,,눈물 찍 콧물 찍 호랑이,우현옥,봄볕(꿈꾸는꼬리연),9788997824342
309,,늑대와 일곱 마리 아기 염소,"그림 형제, 우현옥",봄볕(꿈꾸는꼬리연),9788997824069
310,,당나귀 공주,"샤를 페로, 우현옥",봄볕(꿈꾸는꼬리연),9788997824373
311,,멀리 보는 그리스 신화,강대진,봄볕(꿈꾸는꼬리연),9788997824489
312,,며느리 방귀 천둥방귀,권규헌,봄볕(꿈꾸는꼬리연),9788997824366
313,,복작복작 세상을 바꾸는 법칙,박동석,봄볕(꿈꾸는꼬리연),9788997824274
314,,브레멘 음악대,우현옥,봄볕(꿈꾸는꼬리연),9788997824021
315,,소금을 만드는 맷돌,권규헌,봄볕(꿈꾸는꼬리연),9788997824052
316,,송아지와 바꾼 무,김온유,봄볕(꿈꾸는꼬리연),9788997824380
317,,솥 안에 넣어 둔 돈,권규헌,봄볕(꿈꾸는꼬리연),9788997824076
318,,어린 왕자,"생텍쥐페리, 박민선",봄볕(꿈꾸는꼬리연),9788997824397
319,,엄마 배터리 : 초강력 울트라 파워 에너지,이송현,봄볕(꿈꾸는꼬리연),9788997824465
320,,엄마 언제 와?,김수정,봄볕(꿈꾸는꼬리연),9788997824182
321,,일곱 마리 까마귀,"그림 형제, 우현옥",봄볕(꿈꾸는꼬리연),9788997824359
322,,장자못 이야기,김수정,봄볕(꿈꾸는꼬리연),9788997824403
323,,장화 신은 고양이,"세를 페로, 양미애",봄볕(꿈꾸는꼬리연),9788997824045
324,,전쟁과 다람쥐,이동하,봄볕(꿈꾸는꼬리연),9788997824427
325,,"책, 즐겁게 읽는 법 : 어린이에게 들려주는 여덟 가지 책 이야기",박동석,봄볕(꿈꾸는꼬리연),9788997824113
326,,파랑새,"모리스 마테를링크, 우현옥",봄볕(꿈꾸는꼬리연),9788997824311
327,,헨젤과 그레텔,"그림형제, 김온유",봄볕(꿈꾸는꼬리연),9788997824083
328,,호랑이 형님,우현옥,봄볕(꿈꾸는꼬리연),9788997824014
329,,황소가 된 게으름뱅이,우현옥,봄볕(꿈꾸는꼬리연),9788997824038
330,,고래바위 : 꿈은 어떻게 이루어지는가,이순원,북극곰,9788997728039
331,,네모가 동산으로 간 까닭은?,김준범,북극곰,9788997728350
332,,누구세요?,엠마누엘레 베르토시,북극곰,9788997728312
333,,바람이 속삭이는 너의 이름을 : 음악칼럼니스트 강민석 산문집,강민석,북극곰,9788996309369
334,,이게 뭘까?,안네게르트 푹스후버,북극곰,9788996309345
335,,이웃집 발명가,최우근,북극곰,9788997728374
336,15,똥을 왜 버려요? : 지구를 살리는 똥 이야기,김경우,상수리,9788993397093
337,,보고 싶은 텔레비전 궁금한 방송국 : 세계의 텔레비전과 생생한 방송 역사,"소피 바흐만 , 장 엠마누엘 카잘타 외",상수리,9788993397130
338,,생명을 살리는 윤리적 소비 : 내가 물건을 잘 사야 지구가 건강해요,정원각,상수리,9788993397178
339,,특명! 이어도를 지켜라,김은중,상수리,9791155710715
340,,흰눈이 오기까지,최정원,상수리,9791155711224
341,,강아지로 변한 날 ,서지원,소담주니어,9788956896939
342,,나 하나쯤이야!,이상배,소담주니어,9788956896953
343,,달라진 내가 좋아 ,장성자,소담주니어,9788956895963
344,,상식발전소 1 찌릿찌릿 경제 ,유혜정,소담주니어,9788956896977
345,,상식발전소 2 찌릿찌릿 지구  ,노지영,소담주니어,9788956896984
346,,상식발전소 4 찌릿찌릿 우주,김용란,소담주니어,9788956897004
347,,상식발전소 6 찌릿찌릿 동물,정우진,소담주니어,9788956898322
348,,세상에서 제일 잘난 나,김정신,소담주니어,9788956895932
349,,안녕히 다녀왔습니다 : 범죄로부터 나를 지키는 방법,정민지,소담주니어,9788956896601
350,,어디로 갔지?,"문정옥, 안길정",소담주니어,9788956899176
351,,우정 : 진심으로 통하는 마음,김경희,소담주니어,9788956895048
352,,지하세계를 탈출하라!,김경옥,소담주니어,9788956898094
353,,진짜 일기왕은 누굴까?,원유순,소담주니어,9788956897639
354,,파란 구슬의 비밀,조임생,소담주니어,9788956898117
355,,하늘 모둠 살리기 대작전 ,임정순,소담주니어,9788956897608
356,,똥깅이 : 청소년을 위한 지상에 숟가락 하나,현기영,실천문학사,9788939206090
357,,미순이,이미영,실천문학사,9788939206403
358,,엄마는 아무것도 모르면서,신경림,실천문학사,9788939206755
359,16,고슴도치 ㄱㄴㄷ,박상철,여우고개,9788995302859
360,,고슴도치 대작전 : 고蠱의 부활을 막아라,이기규,여우고개,9788992855037
361,,골프 천재 일구,지승룡,여우고개,9788992955266
362,,과자 ㄱㄴㄷ,박상철,여우고개,9788995302866
363,,꼭 잡아!,이혜경,여우고개,9788995302897
364,,내 마음 들키고 싶지 않아 : 북한 어린이 생활동화,김진섭,여우고개,9788992855020
365,,"똥 대장! 수학 대장, 슈룹",이기규,여우고개,9788992855259
366,,박타령,김장성,여우고개,9788992855167
367,,선비와 구렁색시,김순이,여우고개,9788995302880
368,,수학 천재 길수,지승룡,여우고개,9788992855174
369,,용 튀김 1,이기규,여우고개,9788992855129
370,,"임종국, 친일의 역사는 기록되어야 한다",정지아,여우고개,9788992855013
371,,지금 너의 꿈이 세상을 바꾼다,하유미,여우고개,9788992855051
372,,최태섭 : 유리처럼 맑은 기업을 꿈꾸다,박종윤,여우고개,9788992855044
373,,타세요 타세요,홍진숙,여우고개,9788995302842
374,,태극 1장,윤봉선,여우고개,9788992855006
375,,해님 뭐해요?,홍진숙,여우고개,9788995302835
376,,고구려,송언,우리교육,9788980408030
377,,고구마 순 놓기(4학년 동시집),이주영 ,우리교육,9788980405183
378,,꽃이파리가 된 나비(1학년 동시집),이주영,우리교육,9788980405152
379,,나는 코끼리였다,이용포,우리교육,9788980408672
380,,내가 쓰는 한국 근현대사,"한상철, 이영복",우리교육,9788980409402
381,,너나들이 마을,류성렬,우리교육,9788980408603
382,,누나와 남동생 ,임정자,우리교육,9788980404247
383,,다름이의 남다른 여행,최유성,우리교육,9788980408481
384,,단군의 조선,송언,우리교육,9788980408535
385,,달빛 노래,스콧 오델,우리교육,9788980408115
386,,도서관 할머니 책 읽어 주세요 - 여성운동의 큰어머니 이이효재,박정희,우리교육,9788980407491
387,,동화로 읽는 삼국유사 1,일연,우리교육,9788980408245
388,,동화로 읽는 삼국유사 2,일연,우리교육,9788980408252
389,,뚱딴지가 아니다,차병직,우리교육,9788980409372
390,,뜻을 세우면 길이 보여 - 이티 할아버지 채규철,이섶,우리교육,9788980407309
391,,라몬의 바다,스콧 오델,우리교육,9788980408092
392,,라운드,마커스 주삭,우리교육,9788980402403
393,,모래밭에 그리는 꿈(6학년 동시집),이주영 ,우리교육,9788980405206
394,,"무지무지 힘이 세고, 대단히 똑똑하고, 아주아주 용감한 당글공주",임정자,우리교육,9788980401055
395,,미나마타의 붉은 바다,하라다 마사즈미,우리교육,9788980405695
396,,별님 동무 고기 동무(2학년 동시집),이주영,우리교육,9788980405169
397,,보이지 않는 사람들,박영희,우리교육,9788980409303
398,,부끄럽지 않은 밥상,서정홍,우리교육,9788980409389
399,,살아난다면 살아난다,최은영,우리교육,9788980408610
400,,신경림의 시인을 찾아서 1 (정지용에서 천상병까지),신경림,우리교육,9788980409310
401,,"아, 발해",송언,우리교육,9788980408276
402,,아프리카의 옥수수 추장 - 옥수수 박사 김순권,조호상,우리교육,9788980407323
403,,안녕히 계세요,남찬숙,우리교육,9788980408498
404,,어린이를 살리는 글쓰기,이오덕,우리교육,9788980408016
405,,엄마의 장바구니(5학년 동시집),이주영 ,우리교육,9788980405190
406,,엉뚱이 뚱이,박경선,우리교육,9788980401017
407,,"영호 엄마, 학교에 뜨다!",전경남,우리교육,9788980401178
408,,오빠보다 키크고 오빠보다 힘센 무서운 도깨비 찾아가요,임정자,우리교육,9788980404254
409,,우리 마당으로 놀러 와 ,문영미,우리교육,9788980407361
410,,우리 소리는 좋은 것이여 - 큰 소리꾼 박동진,송언,우리교육,9788980407354
411,,우리를 잊지 마세요,정연숙,우리교육,9788980404407
412,,우주 자전거(3학년 동시집),이주영 엮음,우리교육,9788980405176
413,,좁쌀 한 알에도 우주가 담겨있단다 - 진짜 살림꾼 장일순,김선미,우리교육,9788980407422
414,,"첨벙 첨벙, 물길 따라 물고기 따라 - 물고기 박사 최기철",이상권,우리교육,9788980407347
415,,청어 뼉다귀,이주홍 ,우리교육,9788980408054
416,,춤은 몸으로 추는 게 아니랑께 - 광대 공옥진,백승남,우리교육,9788980407279
417,,판도라 지구 미션11,신규진,우리교육,9788980409426
418,,흰산 도로랑,임정자,우리교육,9788980408597
419,,공룡상상 : 화석이 보여주는 공룡이야기 ,김남길,풀과바람(영교출판),9788983895004
420,,"기후야, 괜찮아?",김남길,풀과바람(영교출판),9788983894151
421,,내 작은 몸속 커다란 세계 : 어린이가 알아야 할 인체의 모든 것,이영란,풀과바람(영교출판),9788983895127
422,,달콤 쌉쌀한 설탕의 진실,김은의,풀과바람(영교출판),9788983895172
423,,동물로 세상에서 살아남기,김남길,풀과바람(영교출판),9788983894779
424,,물고기도 아프다! : 어린이가 알아야 할 물고기 이야기,신정민,풀과바람(영교출판),9788983895202
425,,물을 물로 볼 수 없는 세상,이영란,풀과바람(영교출판),9788983894946
426,,"미생물, 꼭꼭 숨었니?",김형주,풀과바람(영교출판),9788983894809
427,,생태계를 지키는 아이들을 위한 안내서 ,김남길,풀과바람(영교출판),9788983895059
428,,"석유야, 반가워! : 살아가는데 꼭 필요한 석유이야기",김형주,풀과바람(영교출판),9788983894229
429,,어린이가 꼭 알아야 할 곤충 이야기,김남길,풀과바람(영교출판),9788983893932
430,,어린이가 꼭 알아야 할 쌀 이야기,김남길,풀과바람(영교출판),9788983897244
431,,어린이를 위한 한국의 김치 이야기,이영란,풀과바람(영교출판),9788983895066
432,,어린이를 위한 한국의 문화유산,박영수,풀과바람(영교출판),9788983894793
433,,어린이를 위한 한국의 풍속,박영수,풀과바람(영교출판),9788983894502
434,,어린이를 위한 한일 외교사 수업,박영수,풀과바람(영교출판),9788983895028
435,,지도 없이 떠나는 101일간의 과학사 일주,박영수,풀과바람(영교출판),9788983894182
436,,지도 없이 떠나는 101일간의 도시 역사 일주,박영수,풀과바람(영교출판),9788983894120
437,,지도 없이 떠나는 101일간의 부자들의 경영 비법,박영수,풀과바람(영교출판),9788983894304
438,,지도 없이 떠나는 101일간의 색다른 역사,박영수,풀과바람(영교출판),9788983893710
439,,지도 없이 떠나는 101일간의 세계 문화유산,박영수,풀과바람(영교출판),9788983894847
440,,지도 없이 떠나는 101일간의 세계 일주,박영수,풀과바람(영교출판),9788983893376
441,,지도 없이 떠나는 101일간의 세계 제왕 열전,박영수,풀과바람(영교출판),9788983894366
442,,지도 없이 떠나는 101일간의 수학의 세계,박영수,풀과바람(영교출판),9788983894755
443,,지도 없이 떠나는 101일간의 예술의 세계사 ,박영수,풀과바람(영교출판),9788983895103
444,,지도 없이 떠나는 101일간의 우주 한 바퀴,박영수,풀과바람(영교출판),9788983894748
445,,지도 없이 떠나는 101일간의 음식의 세계사,박영수,풀과바람(영교출판),9788983894786
446,,지도 없이 떠나는 101일간의?한국사 일주,박영수,풀과바람(영교출판),9788983893789
447,,지도 없이?떠나는 101일간의 세계 인물 여행,박영수,풀과바람(영교출판),9788983894168
448,,하늘은 왜 파랗죠? : 부모가 꼽은 아이들이 묻는 과학 난제,이영란,풀과바람(영교출판),9788983895110
449,17,"CEO 너구리, 은행장 부엉이 그리고 족제비 : 숲 속을 발칵 뒤집은 경제 대소동","하노 벡, 율리아느 슈보흐",조선북스,9788966660445
450,,"고고학 탐험대, 세계 문화유산을 찾아라! : 유네스코 지정 세계 문화유산 이야기",김경희,조선북스,9788993499643
451,,귀신들의 지리공부 : 구석구석 우리 땅 이름 이야기,서지원,조선북스,9788993499155
452,,꼬들꼬들 마법의 세계 음식책 : 교과서 속 세계 음식 문화 이야기,이향안,조선북스,9788993499520
453,,나의 첫 그리스 신화 1 신들의 탄생,도나 조나폴리,조선북스,9788966660582
454,,나의 첫 그리스 신화 2 올림포스의 신들,도나 조나폴리,조선북스,9788966660599
455,,나의 첫 그리스 신화 3 영웅들의 모험,도나 조나폴리,조선북스,9788966660605
456,,로봇다리 세진이 : 휴먼다큐멘터리 사랑 방영,고혜림,조선북스,9788993499070
457,,매스 히어로와 다각형 파괴자,카렌 퍼렐,조선북스,9788966660728
458,,매스 히어로와 분수 녀석들,린다 포울리 외,조선북스,9788966660735
459,,매스 히어로와 숫자 도둑,카렌 퍼렐 외,조선북스,9788966660711
460,,소크라테스와 꼬마 플라톤의 이야기 철학,에밀리아노 디 마르코,조선북스,9788993499575
461,,열한 살의 가방,황선미,조선북스,9788966660391
462,,이리 오너라! 옛날 옛적 관혼상제 : 교과서 속 관혼상제 이야기,김경희,조선북스,9788993499704
463,,일곱 빛깔 독도 이야기,황선미,조선북스,9788966660360
464,,창의사고 수학 : 잠자는 수학 두뇌를 깨우는,"이충국, 김은숙, 곽수근",조선북스,9788966660148
465,,초등 필수 수학 동화 : 국어&수학 통합 사고 프로젝트,서지원,조선북스,9788993499780
466,,희망의 단지 DMZ,황선미,조선북스,9788993499810
467,,보름달 학교와 비오의 마법 깃털,이기규,지식나이테,9788995725559
468,,수학 천재 마술 고수 파스칼 1 : 마술이 짠! 수학이 술술!,이기규,지식나이테,9788993722192
469,,수학 천재 마술 고수 파스칼 2 : 마술이 짠! 수학이 술술!,이기규,지식나이테,9788993722215
470,,말뜻을 알면 개념이 쏙쏙 잡히는 국어,김은희,참돌어린이,9788997592258
471,,말뜻을 알면 개념이 쏙쏙 잡히는 수학,김은희,참돌어린이,9788997592364
472,,왜 방사능이 유출되면 안 되나요?,홍상하,참돌어린이,9788997592609
473,,왜 사막이 넓어지면 안 되나요?,김은희,참돌어린이,9788997592180
474,,왜 수학 공부 안 하면 안 되나요?,손민지,참돌어린이,9788997592487
475,,왜 에너지를 낭비하면 안 되나요?,채화영,참돌어린이,9788997592289
476,,왜 전쟁이 일어나면 안 되나요?,채화영,참돌어린이,9788997592562
477,,왜 차별하면 안 되나요?,조지혜,참돌어린이,9788997592104
478,,왜 탄소발자국이 뚱뚱해지면 안 되나요?,김지현,참돌어린이,9788997592005
479,,왜 훔치면 안 되나요?,조지혜,참돌어린이,9788997592395
480,,탤리캣과 마법의 수학 나라1 - 잃어버린 연산을 찾아라!,배소미,참돌어린이,9788997592265
481,,탤리캣과 마법의 수학 나라2 - 도형의 탑을 지켜라!,배소미,참돌어린이,9788997592357
482,,탤리캣과 마법의 수학 나라3 - 측정의 미로에 갇히다!,배소미,참돌어린이,9788997592388
483,,탤리캣과 마법의 수학 나라4 - 님버스의 음모가 밝혀지다!,배소미,참돌어린이,9788997592456
484,,탤리캣과 마법의 수학 나라5 - 마법 수정을 되찾을 규칙은?,배소미,참돌어린이,9788997592517
485,,탤리캣과 마법의 수학 나라6 - 수학 나라의 마지막 희망!,배소미,참돌어린이,9788997592531
486,,그리스인 이야기 1 : 호메로스에서 페리클레스까지,앙드레 보나르      ,책과함께,9788991221789
487,,그리스인 이야기 2 : 소포클레스에서 소크라테스까지,앙드레 보나르      ,책과함께,9788991221796
488,,그리스인 이야기 3 : 에우리피데스에서 알렉산드로스까지,앙드레 보나르      ,책과함께,9788991221802
489,,자유주의의 역사,노명식,책과함께,9788991221826
490,,(처음 읽는 이웃 나라 역사) 미국사 편지,안효상,책과함께어린이,9791186293034
491,,(처음 읽는 이웃 나라 역사) 일본사 편지,강창훈,책과함께어린이,9788997735488
492,,(처음 읽는 이웃 나라 역사) 중국사 편지,강창훈,책과함께어린이,9788991221857
493,,말더듬이 왕과 언어 치료사,아작,책과함께어린이,9788997735372
494,,"세 나라는 늘 싸우기만 했을까? : 한국, 중국, 일본의 교류이야기 처음 읽는 이웃 나라 역사",강창훈,책과함께어린이,9788997735266
495,,한국 과학사 이야기 1 : 카이스트 신동원 교수님이 들려주는 하늘과 땅의 과학,신동원,책과함께어린이,9788991221673
496,,한국 과학사 이야기 2 : 카이스트 신동원 교수님이 들려주는 생명과 몸의 과학,신동원,책과함께어린이,9788991221819
497,,"한국 과학사 이야기 3 : 카이스트 신동원 교수님이 들려주는 기술과 발명, 현대 과학 100년",신동원,책과함께어린이,9788991221994
498,,한국 여성사 편지 : 마고할미부터 안티 미스코리아까지,이임하,책과함께어린이,9788991221550
499,18,굿바이! 타임피아,정유리,책속물고기,9788994621449
500,,내 마음이 철렁!,자넷 A. 홈스,책속물고기,9788994621289
501,,내가 나눠줄게 함께하자,일리아 그린,책속물고기,9788994621333
502,,다시 찾은 친구,카트리네 마리에 굴다게르,책속물고기,9788994621173
503,,대신 사과하는 로봇,코스타스 하랄라스,책속물고기,9788994621074
504,,소곤소곤 마을에서 두근두근 마을까지 한걸음,바겔리스 일리오풀로스 외,책속물고기,9788994621463
505,,시간을 만드는 방법,애블린 드 플리허,책속물고기,9788994621210
506,,우리 동네에는 코끼리가 살아요,크리스티나 본,책속물고기,9788994621319
507,,일단 뛰어,데비 월드먼,책속물고기,9788994621340
508,,화수목금토일 친구를 구합니다,애블린 드 플리허,책속물고기,9788994621326
509,,다 내 꺼,한지아,책읽는오두막,9788998949082
510,,밥이 최고야,김난지,천개의바람,9788997984121
511,,시끌벅적 변장 파티,크리스토퍼 인스,천개의바람,9788997984022
512,,일기 쓰고 싶은 날,니시카타 타쿠시,천개의바람,9788996622406
513,,출동! 장난감 구조대,크리스토퍼 인스,천개의바람,9788996622468
514,,택시 소년,데보라 엘리스,천개의바람,9788997984169
515,,공룡이 될래요,김은희,청개구리,9788997335503
516,,그래도 넌 보물이야,김옥애,청개구리,9788990938893
517,,꼬마 천사 동당당의 출장,김진우,청개구리,9788990938350
518,,난 바보 아니야,김은희,청개구리,9788997335374
519,,난 비겁하지 않아,이연수,청개구리,9788997335398
520,,내일로 흐르는 강,김춘옥,청개구리,9788990938916
521,,누가 박석모를 고자질했나,소중애,청개구리,9788997335305
522,,들고양이 노이,김옥애,청개구리,9788990938091
523,,말썽쟁이 크,김백신,청개구리,9788997335275
524,,별나는 정말 유별나,이영,청개구리,9788997335510
525,,세상에서 가장 멋진 고양이,박상재,청개구리,9788997335152
526,,아빠는 방랑요리사,백승자,청개구리,9788997335343
527,,아빠와 함께 떠나는 나주 여행,박상희,청개구리,9788997335466
528,,아주 소중한 사랑 이야기 1 : 엄마 동화작가들이 들려주는,소중애 외 9명,청개구리,9788990938305
529,,아주 소중한 사랑 이야기 2 : 아빠 동화작가들이 들려주는,조대현 외 9명,청개구리,9788990938398
530,,우리 경제를 일으킨 정주영,양지원,청개구리,9788990938152
531,,채소 할아버지의 끝나지 않은 전쟁,함영연,청개구리,9788997335435
532,,첨성대와 아기별똥,조태봉,청개구리,9788990938145
533,,축구 황제 펠레,김경우,청개구리,9788990938961
534,,해리네 집,백승자,청개구리,9788997335053
535,19,(생각이 자라는 키다리 교과서-봄) 봄이 좋아!,최형미,키다리,9788992365932
536,,(생각이 자라는 키다리 교과서-학교) 반갑다! 학교야,양연주,키다리,9788992365949
537,,(학교는 즐거워-03) 발표왕 나가신다!,서지원,키다리,9788992365918
538,,(학교는 즐거워-04) 쌍둥이 시험 특공대,백은하,키다리,9788992365765
539,,(학교는 즐거워-06) 꼬마 사서 두보,양연주,키다리,9788992365826
540,,귀여운 아기 고양이의 가족이 되어 주세요!,나리유키 와카코,키위북스,9788996483175
541,,딱 5분만 더 놀면 안 돼요? : 소중한 나의 시간 알차게 보내기,은희,키위북스,9791185173047
542,,세상에서 가장 맛있는 밥 : 사랑과 인성을 키우는 밥상머리 이야기,우현옥,키위북스,9791185173108
543,,시간을 되돌리고 싶어!,하나다 하토코,키위북스,9791185173009
544,,일기 쓰기 싫어요!,김혜형,키위북스,9781185173061
545,,칭찬으로 재미나게 욕하기 : 바르고 고운 언어 예절 배우기,정진,키위북스,9788996483120
546,,할아버지와 나는 일촌이래요 : 처음 배우는 촌수와 호칭 이야기,한별이,키위북스,9788996483106
547,,해결책을 찾아라! : 스스로 깨닫는 책 읽기의 즐거움,가수북,키위북스,9791185173016
548,,과학의 힘 01 자석의 모든 것,드림아이,태동출판사,9788984976443
549,,과학의 힘 02 공기의 모든 것,드림아이,태동출판사,9788984976450
550,,과학의 힘 03 물질의 구조,드림아이,태동출판사,9788984976467
551,,과학의 힘 04 식물과 열매,드림아이,태동출판사,9788984976474
552,,과학의 힘 05 혼합물 분리,드림아이,태동출판사,9788984976481
553,,과학의 힘 06 흐르는 물,드림아이,태동출판사,9788984976498
554,,과학의 힘 07 지구와 달,드림아이,태동출판사,9788984976504
555,,과학의 힘 08 별자리,드림아이,태동출판사,9788984976511
556,,과학의 힘 09 열과 에너지,드림아이,태동출판사,9788984976528
557,,과학의 힘 10 여러 가지 동물,드림아이,태동출판사,9788984976535
558,,모파상 단편선,기 드 모파상,태동출판사,9788927202783
559,,빨간 머리 앤,루시 모드 몽고메리,태동출판사,9788984977327
560,,어린 왕자,생텍쥐페리,태동출판사,9788984975590
561,,키다리 아저씨,지인 웹스터,태동출판사,9788984975545
562,,꼬마 천사 보리,김상규,푸른길,9788962911770
563,,꽃이 피고 나비가 날고 웃음이 나와 : 신사임당,정은희,푸른길,9788987691909
564,,대단한 바다 여행 : 교양으로 읽는 바다 이야기,윤경철,푸른길,9788962911190
565,,둥지의 비밀친구,송현승,푸른길,9788962912074
566,,땅이 꾸물꾸물 이야기가 와글와글 : 꾸러기 친구들과 떠나는 즐거운 여행,편집부,푸른길,9788987691268
567,,마음의 지팡이 논어,정금이,푸른길,9788962911879
568,,속속들이 살펴보는 우리 땅 이야기,이두현 외,푸른길,9788962912265
569,,슬기와 배우는 생명공학 : 동화처럼 읽는 멀티체험학습,이상인,푸른길,9788987691275
570,,영미,송현승,푸른길,9788962911985
571,,우리말에 꼭 필요한 고사성어1,편집부,푸른길,9788987691329
572,,우리말에 꼭 필요한 고사성어2,편집부,푸른길,9788987691336
573,,일상에서 지리를 만나다 Geography in Life : 생활 속 지리 여행,이경한,푸른길,9788962911053
574,,종이비행기,송현승,푸른길,9788962911947
575,,청소년 독도 교과서,이두현,푸른길,9788962912821
576,20,(역지사지 생생 토론 대회-01) 역사 논쟁,최영민,풀빛,9788974746551
577,,(역지사지 생생 토론 대회-03) 복지 논쟁,류재숙,풀빛,9788974743840
578,,(역지사지 생생 토론 대회-05) 생명 윤리 논쟁,장성익,풀빛,9788974742157
579,,간디의 진리 실험 이야기 ,라가반 이예르,풀빛,9788974745486
580,,고백록 : 젊은 날의 방황과 아름다운 구원,아우구스티누스,풀빛,9788974745394
581,,구석구석 세계지도 요모조모 세계 문화,크리스토퍼 코어,풀빛,9788974741785
582,,근사록 : 가까운 곳에서 찾은 사람의 길,"조희, 여조겸",풀빛,9788974745554
583,,기측체의 : 기 철학과 서양 과학의 행복한 만남,최한기,풀빛,9788974745714
584,,"깊은 밤, 그 가야금 소리",황병기,풀빛,9788974744564
585,,꿈의 해석 : 감춰진 인간 정신의 숨은그림찾기,지그문트 프로이트,풀빛,9788974745402
586,,날씨를 바꾸는 요술쟁이 바람,허창회,풀빛,9788974749682
587,,내가 잘못하면 왜 엄마가 혼나요? : 명심보감으로 배우는 어린이 인성,최영갑,풀빛,9788974742089
588,,내가 찾은 도공,정인수,풀빛,9788974746438
589,,내가 찾은 사신,정명림,풀빛,9788974743642
590,,내가 찾은 암행어사,정명림,풀빛,9788974749835
591,,논어 : 사람 속에서 찾은 사람의 길,공자 ,풀빛,9788974745493
592,,니코마코스 윤리학 : 아들에게 들려주는 행복의 길,아리스토텔레스,풀빛,9788974745321
593,,단숨에 읽는 글로벌 한국사 : 글로벌 한국사 정리 노트,글로벌 한국사 편집위원회,풀빛,9788974744571
594,,대학·중용 : 밝은 마음을 찾아가는 배움과 도리,공자,풀빛,9788974745313
595,,도덕경 : 자연과 인간이 상생하는 무위의 길,노자,풀빛,9788974747343
596,,동경대전 : 보통 사람의 양심에서 찾은 개벽의 길,최제우,풀빛,9788974745578
597,,동양 철학 스케치 1,김선희,풀빛,9788974744403
598,,동양 철학 스케치 2,김선희,풀빛,9788974744410
599,,둥글둥글 지구촌 돈 이야기,석혜원,풀빛,9788974746506
600,,둥글둥글 지구촌 수도 이야기,박신식,풀빛,9788974741846
601,,둥글둥글 지구촌 음식 이야기,김선희 ,풀빛,9788974746568
602,,둥글둥글 지구촌 인권 이야기,신재일,풀빛,9788974749484
603,,둥글둥글 지구촌 축제 이야기,정인수,풀빛,9788974746742
604,,리바이어던 : 자유와 맞바꾼 절대 권력의 유혹,토마스 홉스,풀빛,9788974745479
605,,맹자 : 선한 본성을 향한 특별한 열정,맹자,풀빛,9788974745356
606,,목민심서 : 마음으로 읽는 다산 정신,정약용,풀빛,9788974745332
607,,"묵자 : 사랑, 그리고 평화를 향한 참지식인의 길",묵자,풀빛,9788974745364
608,,부시맨과 레비스트로스,최협,풀빛,9788974744015
609,,사기 : 역사와 삶의 철학이 만나는 살아 있는 기록,사마천,풀빛,9788974745380
610,,성학십도 : 열 가지 그림으로 읽는 성리학,이황,풀빛,9788974745291
611,,성학집요 : 교양으로 읽는 율곡의 성리학,이이,풀빛,9788974745410
612,,수상한 과학 ,전방욱,풀빛,9788974748924
613,,순자 : 인간의 악한 본성과 그 해결의 길,순자,풀빛,9788974745639
614,,숟가락 먼저 들면 왜 안 돼요?,최영갑,풀빛,9788974746728
615,,신라를 뒤흔든 16인의 화랑,이수광,풀빛,9788974744434
616,,애벌레의 모험,이름가르트 루흐트,풀빛,9788974749088
617,,여행길에 만난 국립박물관,윤민용,풀빛,9788974744557
618,,역사 : 신화와 전설을 역사로 바꾼 인류 최초의 모험,헤로도토스,풀빛,9788974745516
619,,와글와글 곤충대왕이 지구를 지켜요,한영식,풀빛,9788974746674
620,,우파니샤드 : 귓속말로 전하는 지혜,이재숙 ,풀빛,9788974745288
621,,위기의 지구를 살리는 진짜 에너지를 찾아라! : 재생 에너지 vs 원자력 에너지,강재호,풀빛,9788974746629
622,,유토피아 : 모두가 행복할 수 있다는 즐거운 상상,토마스 모어,풀빛,9788974745372
623,,육조단경 : 사람의 본성이 곧 부처라는 새로운 선언,혜능,풀빛,9788974745608
624,,이야기 한국역사 01 : 초기국가 형성과 삼국의 발전,이야기 한국역사 편집위원회,풀빛,9788974748180
625,,이야기 한국역사 02 : 삼국의 항쟁과 통일,이야기 한국역사 편집위원회,풀빛,9788974748197
626,,이야기 한국역사 03 : 남북국 시대와 후삼국,이야기 한국역사 편집위원회,풀빛,9788974748203
627,,이야기 한국역사 04 : 고려 왕조의 창업과 발전,이야기 한국역사 편집위원회,풀빛,9788974748210
628,,이야기 한국역사 05 : 고려 후기사회의 동요,이야기 한국역사 편집위원회,풀빛,9788974748227
629,,이야기 한국역사 06 : 조선왕조의 창업과 발전,이야기 한국역사 편집위원회,풀빛,9788974748234
630,,이야기 한국역사 07 : 지배체제의 재편과 거듭되는 전란,이야기 한국역사 편집위원회,풀빛,9788974748241
631,,이야기 한국역사 08 : 조선후기의 사회변동,이야기 한국역사 편집위원회,풀빛,9788974748258
632,,이야기 한국역사 09 : 근대화의 길,이야기 한국역사 편집위원회,풀빛,9788974748265
633,,이야기 한국역사 10 : 일본의 침략과 국권회복 운동,이야기 한국역사 편집위원회,풀빛,9788974748272
634,,이야기 한국역사 11 : 일제 식민통치와 항일투쟁,이야기 한국역사 편집위원회,풀빛,9788974748289
635,,이야기 한국역사 12 : 독립운동의 발전과 민족국가 설립준비,이야기 한국역사 편집위원회,풀빛,9788974748296
636,,이야기 한국역사 13 : 대한민국 수립과 민주주의의 시련,이야기 한국역사 편집위원회,풀빛,9788974748302
637,,자본론 : 자본의 감추어진 진실 혹은 거짓,칼 마르크스,풀빛,9788974745348
638,,자유론 : 자유에 관한 인류 최고의 보고서,존 스튜어트 밀,풀빛,9788974745615
639,,장바구니는 왜 엄마를 울렸을까? : 찾아라! 생활 속 숨은 경제,석혜원,풀빛,9788974744007
640,,장자 : 자연 속에서 찾은 자유의 세계,장자,풀빛,9788974745301
641,,정혜결사문 : 지눌이 밝힌 선정과 지혜의 길,지눌,풀빛,9788974745455
642,,지구의 마법사 공기 ,"허창회, 임효숙",풀빛,9788974749200
643,,찌푸린 지구의 얼굴 지구 온난화의 비밀,허창회,풀빛,9788974746360
644,,"철학, 도시를 디자인하다 1 : 유럽으로 떠나는 2500년 서양 철학 이야기",정재영 ,풀빛,9788974744311
645,,"철학, 도시를 디자인하다 2 : 유럽으로 떠나는 2500년 서양 철학 이야기",정재영,풀빛,9788974744328
646,,"철학의 숲, 길을 묻다","박일호, 송하석, 정재영, 홍성기",풀빛,9788974744441
647,,"철학의 숲, 길을 열다","박일호, 송하석, 정재영, 홍성기",풀빛,9788974744540
648,,춘추좌전 : 중국 문화의 원형이 담긴 타임캡슐,좌구명,풀빛,9788974745523
649,,팝콘을 먹는 동안 일어나는 일 : 영화와 광고로 본 문화의 두 얼굴,김선희,풀빛,9788974744519
650,,프로테스탄트 윤리와 자본주의 정신 : 금욕과 탐욕 속에 숨겨진 역사적 진실,막스 베버,풀빛,9788974745424
651,,한국 철학 스케치 1,한국철학사상연구회,풀빛,9788974744243
652,,한국 철학 스케치 2,한국철학사상연구회,풀빛,9788974744236
653,,한비자 : 권력의 칼날 위에 선 군주를 위한 제왕학,한비자,풀빛,9788974745561
654,,화담집 : 종달새의 날갯짓에서 이끌어낸 기의 철학,서경덕,풀빛,9788974745646
655,,회남자 : 생각의 어우러짐에 관한 지식의 총서,유안,풀빛,9788974747411
656,,국가 : 올바름을 향한 끝없는 대화,플라톤,풀빛 ,9788974745275
657,,내가 찾은 상인,정인수,풀빛 ,9788974746698
658,,(인성의 기초를 다지는 감정 교과서-01) 슬픔,채인선,한권의책,9791185237121
659,,(인성의 기초를 다지는 감정 교과서-02) 기쁨,채인선,한권의책,9791185237107
660,,(인성의 기초를 다지는 감정 교과서-03) 화,채인선,한권의책,9791185237114
661,,(인성의 기초를 다지는 감정 교과서-04) 외로움,채인선,한권의책,9791185237138
662,,(인성의 기초를 다지는 감정 교과서-05) 두려움,채인선,한권의책,9791185237145